SupplierID;SupplierName;Country;ContractStart_FR
SUP01;Lacombe S.A.R.L.;Italy;21/04/2022
SUP02;Evrard;China;07/11/2019
SUP03;Dumas Renault S.A.;China;06/02/2022
SUP04;Ledoux Devaux S.A.;China;17/08/2022
SUP05;Bernard;Italy;25/10/2020
SUP06;Georges Colas SARL;Tunisia;09/02/2022
SUP07;Bazin;Tunisia;17/04/2023
SUP08;Richard S.A.R.L.;China;24/09/2022
SUP09;Marchal S.A.R.L.;Tunisia;23/11/2021
SUP10;Didier S.A.R.L.;Italy;29/12/2020
SUP11;Da Costa;China;12/10/2019
SUP12;Bertrand Fischer SARL;China;01/04/2021
SUP13;Ferreira SARL;Turkey;28/05/2023
SUP14;Alves Lopes SA;France;08/07/2024
SUP15;Pinto SARL;Tunisia;12/08/2020
SUP16;Roche;Turkey;02/11/2023
SUP17;Muller SA;France;11/03/2020
SUP18;Robert;China;26/11/2021
SUP19;Gilbert;Tunisia;23/05/2019
SUP20;Leclerc;Tunisia;16/10/2019
